epoch,grad_norm,learning_rate,loss,step,eval_accuracy,eval_f1_macro,eval_loss,eval_precision_macro,eval_recall_macro,eval_runtime,eval_samples_per_second,eval_steps_per_second
0.02666666666666667,5.981968879699707,1.9824000000000002e-05,1.8526493835449218,100,,,,,,,,
0.05333333333333334,7.931338310241699,1.9646222222222223e-05,1.3071556091308594,200,,,,,,,,
0.08,6.246670722961426,1.9468444444444444e-05,1.1947796630859375,300,,,,,,,,
0.10666666666666667,7.564478874206543,1.9290666666666668e-05,1.1318753051757813,400,,,,,,,,
0.13333333333333333,10.857794761657715,1.911288888888889e-05,1.1087007904052735,500,,,,,,,,
0.16,10.084757804870605,1.8935111111111113e-05,1.0907075500488281,600,,,,,,,,
0.18666666666666668,8.08065128326416,1.8757333333333334e-05,1.0515009307861327,700,,,,,,,,
0.21333333333333335,8.176959991455078,1.857955555555556e-05,1.0362443542480468,800,,,,,,,,
0.24,6.957919120788574,1.840177777777778e-05,1.0884098815917969,900,,,,,,,,
0.26666666666666666,9.188604354858398,1.8224e-05,1.0469956970214844,1000,,,,,,,,
0.29333333333333333,12.957108497619629,1.804622222222222e-05,0.9927933502197266,1100,,,,,,,,
0.32,7.15518856048584,1.7868444444444446e-05,1.0644127655029296,1200,,,,,,,,
0.3466666666666667,8.450132369995117,1.7690666666666666e-05,1.0024525451660156,1300,,,,,,,,
0.37333333333333335,6.649579048156738,1.751288888888889e-05,1.0578368377685547,1400,,,,,,,,
0.4,8.716403007507324,1.733511111111111e-05,1.000901870727539,1500,,,,,,,,
0.4266666666666667,5.665535926818848,1.7157333333333336e-05,0.9881580352783204,1600,,,,,,,,
0.4533333333333333,8.750903129577637,1.6979555555555557e-05,1.0135587310791017,1700,,,,,,,,
0.48,12.969676971435547,1.6801777777777778e-05,0.9954255676269531,1800,,,,,,,,
0.5066666666666667,9.848221778869629,1.6624000000000002e-05,0.9676555633544922,1900,,,,,,,,
0.5333333333333333,5.855931758880615,1.6446222222222223e-05,1.0122537994384766,2000,,,,,,,,
0.56,9.725976943969727,1.6268444444444447e-05,0.9725318145751953,2100,,,,,,,,
0.5866666666666667,4.9846110343933105,1.6090666666666668e-05,0.9774388885498047,2200,,,,,,,,
0.6133333333333333,7.553345680236816,1.5912888888888893e-05,1.0389163970947266,2300,,,,,,,,
0.64,8.204923629760742,1.5735111111111113e-05,1.010074996948242,2400,,,,,,,,
0.6666666666666666,5.953371524810791,1.5557333333333334e-05,1.0102579498291016,2500,,,,,,,,
0.6933333333333334,6.657838344573975,1.5379555555555555e-05,0.9740242004394531,2600,,,,,,,,
0.72,7.880310535430908,1.520177777777778e-05,0.9410370635986328,2700,,,,,,,,
0.7466666666666667,5.538919448852539,1.5024e-05,1.0185086059570312,2800,,,,,,,,
0.7733333333333333,6.254161357879639,1.4846222222222225e-05,0.9950354766845703,2900,,,,,,,,
0.8,6.625763893127441,1.4668444444444446e-05,0.9366603088378906,3000,,,,,,,,
0.8266666666666667,6.912304401397705,1.4490666666666668e-05,0.9521375274658204,3100,,,,,,,,
0.8533333333333334,9.225610733032227,1.431288888888889e-05,0.9922605895996094,3200,,,,,,,,
0.88,3.0935661792755127,1.4135111111111114e-05,0.9807671356201172,3300,,,,,,,,
0.9066666666666666,4.923718452453613,1.3957333333333334e-05,0.9198234558105469,3400,,,,,,,,
0.9333333333333333,4.3979997634887695,1.3779555555555557e-05,0.9310786437988281,3500,,,,,,,,
0.96,7.924209117889404,1.3601777777777778e-05,0.9761286926269531,3600,,,,,,,,
0.9866666666666667,7.936029434204102,1.3424000000000002e-05,0.9604337310791016,3700,,,,,,,,
1.0,,,,3750,0.8224,0.6088047879543257,0.9455536603927612,0.6265182106152885,0.598829396540425,142.7838,210.108,3.285
1.0133333333333334,8.707283020019531,1.3246222222222223e-05,0.9403620147705078,3800,,,,,,,,
1.04,8.50201416015625,1.3068444444444446e-05,0.8469457244873047,3900,,,,,,,,
1.0666666666666667,11.842966079711914,1.2890666666666667e-05,0.8667186737060547,4000,,,,,,,,
1.0933333333333333,9.478565216064453,1.2712888888888891e-05,0.8917603302001953,4100,,,,,,,,
1.12,9.284957885742188,1.2535111111111112e-05,0.8280880737304688,4200,,,,,,,,
1.1466666666666667,6.94768762588501,1.2357333333333335e-05,0.8819760131835938,4300,,,,,,,,
1.1733333333333333,7.174041748046875,1.2179555555555555e-05,0.8639882659912109,4400,,,,,,,,
1.2,8.747681617736816,1.2001777777777778e-05,0.900826416015625,4500,,,,,,,,
1.2266666666666666,13.339927673339844,1.1824e-05,0.857389144897461,4600,,,,,,,,
1.2533333333333334,7.837227821350098,1.1646222222222223e-05,0.8505195617675781,4700,,,,,,,,
1.28,8.571856498718262,1.1468444444444446e-05,0.8454859924316406,4800,,,,,,,,
1.3066666666666666,16.25247573852539,1.1290666666666667e-05,0.8090656280517579,4900,,,,,,,,
1.3333333333333333,6.471410751342773,1.1112888888888891e-05,0.8438607788085938,5000,,,,,,,,
1.3599999999999999,9.486370086669922,1.0935111111111112e-05,0.8937020111083984,5100,,,,,,,,
1.3866666666666667,8.69230842590332,1.0757333333333335e-05,0.8319919586181641,5200,,,,,,,,
1.4133333333333333,6.669787406921387,1.0579555555555555e-05,0.8378138732910156,5300,,,,,,,,
1.44,10.662177085876465,1.040177777777778e-05,0.86554931640625,5400,,,,,,,,
1.4666666666666668,9.06078815460205,1.0224e-05,0.8525253295898437,5500,,,,,,,,
1.4933333333333334,9.804279327392578,1.0046222222222223e-05,0.8461162567138671,5600,,,,,,,,
1.52,6.429733753204346,9.868444444444444e-06,0.8413125610351563,5700,,,,,,,,
1.5466666666666666,6.839279651641846,9.690666666666667e-06,0.8197402954101562,5800,,,,,,,,
1.5733333333333333,12.352179527282715,9.51288888888889e-06,0.8571258544921875,5900,,,,,,,,
1.6,6.9641852378845215,9.335111111111112e-06,0.8478974914550781,6000,,,,,,,,
1.6266666666666667,9.463434219360352,9.157333333333333e-06,0.8392063903808594,6100,,,,,,,,
1.6533333333333333,5.545777797698975,8.979555555555556e-06,0.8076749420166016,6200,,,,,,,,
1.6800000000000002,8.734148025512695,8.801777777777778e-06,0.8460615539550781,6300,,,,,,,,
1.7066666666666666,9.194717407226562,8.624e-06,0.8194636535644532,6400,,,,,,,,
1.7333333333333334,13.683418273925781,8.446222222222223e-06,0.8761431121826172,6500,,,,,,,,
1.76,4.255351543426514,8.268444444444446e-06,0.8832579803466797,6600,,,,,,,,
1.7866666666666666,10.582016944885254,8.090666666666669e-06,0.8712747955322265,6700,,,,,,,,
1.8133333333333335,5.603203296661377,7.91288888888889e-06,0.8764896392822266,6800,,,,,,,,
1.8399999999999999,13.382445335388184,7.735111111111112e-06,0.8845911407470703,6900,,,,,,,,
1.8666666666666667,10.930970191955566,7.557333333333334e-06,0.8181119537353516,7000,,,,,,,,
1.8933333333333333,4.977417469024658,7.3795555555555565e-06,0.8850276947021485,7100,,,,,,,,
1.92,8.438225746154785,7.201777777777778e-06,0.873148193359375,7200,,,,,,,,
1.9466666666666668,12.621867179870605,7.024000000000001e-06,0.8252747344970703,7300,,,,,,,,
1.9733333333333334,8.580953598022461,6.846222222222223e-06,0.7973613739013672,7400,,,,,,,,
2.0,8.232756614685059,6.668444444444445e-06,0.8536143493652344,7500,,,,,,,,
2.0,,,,7500,0.8289666666666666,0.603286759981037,0.9401739835739136,0.6450312422565677,0.589421263327302,142.7356,210.179,3.286
2.026666666666667,9.712410926818848,6.490666666666667e-06,0.7906510162353516,7600,,,,,,,,
2.0533333333333332,10.519342422485352,6.31288888888889e-06,0.7503536987304688,7700,,,,,,,,
2.08,4.833572864532471,6.135111111111111e-06,0.7443232727050781,7800,,,,,,,,
2.1066666666666665,9.570034980773926,5.957333333333334e-06,0.7320281219482422,7900,,,,,,,,
2.1333333333333333,11.2512788772583,5.779555555555556e-06,0.7418112945556641,8000,,,,,,,,
2.16,9.951711654663086,5.601777777777778e-06,0.7758013153076172,8100,,,,,,,,
2.1866666666666665,9.100228309631348,5.424e-06,0.7042158508300781,8200,,,,,,,,
2.2133333333333334,8.836297988891602,5.246222222222223e-06,0.739840316772461,8300,,,,,,,,
2.24,11.425396919250488,5.0684444444444444e-06,0.7387445068359375,8400,,,,,,,,
2.2666666666666666,9.741209983825684,4.890666666666667e-06,0.7220125579833985,8500,,,,,,,,
2.2933333333333334,7.046601295471191,4.712888888888889e-06,0.7640117645263672,8600,,,,,,,,
2.32,7.75275993347168,4.535111111111111e-06,0.7668220520019531,8700,,,,,,,,
2.3466666666666667,4.771842002868652,4.357333333333333e-06,0.7847581481933594,8800,,,,,,,,
2.3733333333333335,16.305267333984375,4.179555555555556e-06,0.7104850006103516,8900,,,,,,,,
2.4,12.611320495605469,4.001777777777778e-06,0.7025114440917969,9000,,,,,,,,
2.4266666666666667,15.138269424438477,3.824e-06,0.7033388519287109,9100,,,,,,,,
2.453333333333333,7.370805263519287,3.6462222222222228e-06,0.7409976196289062,9200,,,,,,,,
2.48,12.892045974731445,3.468444444444445e-06,0.757057876586914,9300,,,,,,,,
2.506666666666667,14.916155815124512,3.290666666666667e-06,0.7217243957519531,9400,,,,,,,,
2.533333333333333,7.834659099578857,3.1128888888888893e-06,0.732129898071289,9500,,,,,,,,
2.56,11.025840759277344,2.9351111111111115e-06,0.7046492004394531,9600,,,,,,,,
2.586666666666667,7.854356288909912,2.7573333333333337e-06,0.7769873046875,9700,,,,,,,,
2.6133333333333333,11.316405296325684,2.579555555555556e-06,0.734161376953125,9800,,,,,,,,
2.64,13.37171459197998,2.401777777777778e-06,0.7540061950683594,9900,,,,,,,,
2.6666666666666665,14.406524658203125,2.2240000000000002e-06,0.7593332672119141,10000,,,,,,,,
2.6933333333333334,8.170374870300293,2.0462222222222224e-06,0.7091349029541015,10100,,,,,,,,
2.7199999999999998,10.178235054016113,1.8684444444444446e-06,0.7419686889648438,10200,,,,,,,,
2.7466666666666666,11.281314849853516,1.6906666666666668e-06,0.7309451293945313,10300,,,,,,,,
2.7733333333333334,10.91944694519043,1.512888888888889e-06,0.7338713073730468,10400,,,,,,,,
2.8,7.23955774307251,1.3351111111111111e-06,0.6734421539306641,10500,,,,,,,,
2.8266666666666667,11.433401107788086,1.1573333333333333e-06,0.7413470458984375,10600,,,,,,,,
2.8533333333333335,11.193126678466797,9.795555555555557e-07,0.6965006256103515,10700,,,,,,,,
2.88,8.86036491394043,8.017777777777779e-07,0.719413070678711,10800,,,,,,,,
2.9066666666666667,8.794092178344727,6.24e-07,0.7503317260742187,10900,,,,,,,,
2.9333333333333336,7.853817939758301,4.4622222222222227e-07,0.7204550170898437,11000,,,,,,,,
2.96,9.032757759094238,2.6844444444444445e-07,0.6685298919677735,11100,,,,,,,,
2.986666666666667,11.769525527954102,9.066666666666668e-08,0.6995896911621093,11200,,,,,,,,
3.0,,,,11250,0.8261666666666667,0.6104019129733756,0.989987850189209,0.6345863984376547,0.5991555053518659,142.7634,210.138,3.285
